path	bytes	sha256
.gitignore	99	9ba1d53aa7e8de17cf2ae3b52b2b7707e67c6a1465106d58d231dae9bf2c6454
CITATION.cff	962	e4d1f3d5fa52192141fae30369e77612c0868baa85b4f09488db2390650d9c48
LICENSE_PENDING.md	411	fb86b3f87f8733a89a34406d16da9166e646cc7a4f8432b0808d64d210ded866
README.md	6144	34749ad5d2e9967c6141d6295ffa19c2ae31ea70b9f0dc84851c3bfdf1857c65
analysis/README.md	881	88cd81669e8aa9f19db4859948a8a249c01234bc72c25d6836b29bc2463d887e
analysis/statistics/fit_moa_mixed_effects.R	2284	600d0eecb53dca9c749736347bb0ab2e23e032db0d779c7563886069848b717f
configs/hubmirnet_1298_observed.json	468	a9826f3b9ee7eb52b3b69b98d874c7a32708709a7b04fffa927f605310990463
configs/hubmirnet_414.json	684	05069a660cb339f4958780ae8068c7ba91a97b0ec9e6f7d959093078ed86d1ad
configs/pathway_experiment.json	1394	fb9aa35189e4d7bf8607b1e5e73b8ec2b4fd0321dabb67ac48ba9f198e8c2446
configs/resnet_selected.json	454	08ca77e4a041ddb71129a905b9a024ec3d156f0f579817091a82486e9c3f810c
docs/DEPOSITION_PLAN.md	2844	a5758fbe19fe499e23a49fb64d31c276edb64601996999003648415a2d05c9ac
docs/RELEASE_AUDIT.md	2246	c567073a88674ad969a28a8ecdc60641ad292aa91db5d21dc177ec8ca3e06be5
docs/UPSTREAM_SOFTWARE.md	1797	5f2f203cc5d236fa360d4ff017aac623680442cb17fe52e8b0cb343739823ce4
figures/README.md	1517	cd9e53a12867157dedd09c3bf24559a0fb4f0f6fa4afcc87343d90c40d90dc76
figures/figure1/Fig1_palette_A_mineral.png	785594	9881e4f04f643373825279c668d790451735fa7732454aba39363241b937557c
figures/figure1/Fig1_palette_B_editorial_muted.png	786580	a10cd0a9326855e02e4ee6e8d480e6be6e4fbfc5d2c897cbd7d65b5925e5469a
figures/figure1/Fig1_palette_C_soft_modern.png	786816	efac0cea4c141d82705064cffb1dacd062e1be418575443246450811f9a9a19a
figures/figure1/figure1_workflow.png	1037999	edd6d4a00aa62871450faf7d7fdb4f9f242a38925cab5f64510a696eb2302c50
figures/figure1/recolor_workflow.py	4113	e520683be23b4f816c7e69df41546f71f1e92befb41c861d58e8fca6c3e140f4
figures/figure2/README.md	377	ab6bbf51003926ba3c6367494a8ba4f203812d86f345364088046ca98b070413
figures/figure2/figure2.png	2332805	de57a156cfd726fedc92220f89fca9cbcbcc7190c8417e38204abcd4c804dac4
figures/figure2/figure2_data_panels.pdf	116207	c4fb46e7e3a2af12b29e0260c7a0ad847ac7041b91c6c3809dc78700075e0fb6
figures/figure2/figure2_data_panels.png	387132	98e74745ea104bd94c0d9e892501aa7cce452c124d74f77b950f049f38762b0c
figures/figure2/make_figure2_data_panels.py	2838	4475a91cb90258911c0669cb3b5b206b3517d68421ae7dc312c1cb4f5d9703ba
figures/figure3/README.md	360	7e20a30a46eb4bbb1341ff062cdcf130a461537f0b9b68050681620ee9d8c8da
figures/figure3/figure3.png	4029721	68418b29bd916dd34fdf1286675fdc1fa9f76ff50bd3297c92d65c5263d9ce47
figures/figure3/figure3b_replot.pdf	42295	60c86d033356ab453a86f5606e3cc2911943bd086c46105998a3fc5c880b7f8b
figures/figure3/figure3b_replot.png	353709	73784c1e2ab17a5605e470d8380d98f88dd9cf2003567b2e4a34758a37f4c460
figures/figure3/make_figure3.py	1658	35ab3c6e08a544f20f8afb54a3fa219c4651072c97c1ed47d7ad5c2da8d4b76b
figures/figure4/README.md	400	da456d8fbe0c4fab9afd4f0aa30aab2c455dbad9869622369b96147128ed576b
figures/figure4/figure4.pdf	463549	c9cbcb112b910976611d6d43d62c48d58ef93cf0a941147b212833bd84374218
figures/figure4/figure4.png	739675	df04c4ad108b105c9c1c4645390e77df3dd3c29c2777339977676c53a40970ae
figures/figure4/figure4_layout.py	8348	c8261e3bfd0cf16c7e5a9ba32a6db6a44318117baa528b75d00a7d96fea46905
figures/figure4/figure4_replot.pdf	49231	697a9fa08067f0d59c9a507c12b9c21039900630d7cd8c189d8dcc08c602de7d
figures/figure4/figure4_replot.png	182500	1ac6c404def62f829b6bb9626988d738758bf61e2f3b48427df884e2fde00e77
figures/figure4/legend.md	1056	013872fdfebb309a8cd174d02f1e473b722e504fa0b62eaa9fdc05c9a88315ab
figures/figure4/make_figure4.py	2863	8118231f5d45ffdbf507d3cd2937058a21aa66de255d0372286feb83e5aaba33
figures/figure4/provenance_v9_selection.py	2603	f0a7f0f037cf0370e389f346d22e8c5b26805690faea5f6b18f08e2c0b44a8be
figures/figure4_5/README.md	347	ce4913a9c722ae88d01463c8a346b051b097564dd7211cf4c9e1b6584ded4534
figures/figure4_5/build_panel_e_data.py	4750	363b19feba78663b9538fb274b375346ad44b58cda1063bddf3b80ed3eb03c91
figures/figure4_5/figure4_5.pdf	69358	447459802ec77759411fd1f19851da1aad0057c140930dc8817488749065faa0
figures/figure4_5/figure4_5.png	740549	38f58b99d4b0198f0dbb9ef754616bef47c1805aaa8dc0f11973c0cf0ad2b54a
figures/figure4_5/figure4_5.svg	139795	8b91d47a9a349c336314b98e03923a3723729cb330d73ad5dff315645e0bf026
figures/figure4_5/figure4_5.tiff	1744584	95784ced8d7a77ed5082bfb5eeafa95b170f4d1946c5b8dba3f69f083d1d00da
figures/figure4_5/legend.md	1613	ffdef9dfc47944f5ab7af54204ec557f04c61ae64926a5a262521e00aead9305
figures/figure4_5/make_fig4_5.py	17474	243a2c2b95ae6f92a59d59c4544d1cb9ceba0679978d4948cc2a60dbe2d54baa
figures/figure4_5/make_fig4_5_v2.py	2520	62bc2f508d82030d7369caa3ccbcae3a78df0731280adfff95b618338a5b5e24
figures/figure4_5/make_figure4_5.py	8045	8409614d37a64a10ec9b220f66d91ebcf7744ed3ee3576c3e735d4f0e24056a3
figures/figure5/README.md	341	d535fb79f21b90f9c47787637f8ad407d4e6d8fe888bf412243505b43545fb27
figures/figure5/figure5.pdf	748698	aa9c703d07beafab828906fac7a9dcb56946e61e3ea0db2f064d07ee9e9fee52
figures/figure5/figure5.png	717851	533084ce502c9cfd006b3d4390a842f41dc3875d17609f5888b9e37a5bacc1a3
figures/figure5/figure5_replot.pdf	152316	7057f22be44548607d3117000a44ab47f70e14b8087cd4e761206a3302f6f3cc
figures/figure5/figure5_replot.png	1213048	6d7b7fb9c41120a7bd28c7d1fede0343e4386880dd0be37135acddd822595ab9
figures/figure5/legend.md	1738	d80d395237648a716c8851d95e9a4a6fe18824d692f220a1483a77139c091a90
figures/figure5/make_figure5.py	2994	e5abed8cbec94ca64f8ead29def30e58f575f9d3581cd6dceb42b568149a5c5e
figures/figure5/make_figure5_integrated_v3.py	12027	942c0d5c456e5894e432415afdef40298d984c4b86353a1dc376b1897b6cf547
figures/figure5/make_figure5_integrated_v4.py	13656	ec4ef2308fc679bc82f3f76c600ae025b58bc4f6211b6c04b9428e3cfa4b757a
figures/figure5/make_figure5_upper_mechanism_v3.py	19542	386615288ecc6a3c1443c0dd0ec82ad92cc751d2bac7316306f5b8dbde5f610c
figures/figure5/provenance_figure5_v7.py	3583	2afc02132c8c16e37f4c7d49328029b5dd850b35b2f73b16ed06c67ac1aaf9dc
figures/figure5/upper_mechanism_source.png	914487	3e98f0f4140bc29a02a35a87f83ddbc65e205ccb6c48dd35514d6ebb9eaaaab1
figures/supplementary/hubmir_feature_analysis/FigureS_HubmiRFeatureAnalysis.pdf	58891	322b78e1796c3d129312f67381956a466ba20380bd0ee72a36dbab6ceb94d770
figures/supplementary/hubmir_feature_analysis/FigureS_HubmiRFeatureAnalysis.png	624928	81f66eb297f7f6ad8de84da2d4898e5b8dc26f6b369d1cd3d0175c939960bf06
figures/supplementary/hubmir_feature_analysis/FigureS_HubmiRFeatureAnalysis.svg	93515	5c47f75b8b90cbb2886d0ea0ad69da791072a42eba19ad0f2e43dfa39508aecf
figures/supplementary/hubmir_feature_analysis/FigureS_HubmiRFeatureAnalysis.tiff	1556924	baf5f47d4bc03369704a754b4be8ee72e0d65e8f278fe7683da9ad06b66e1a64
figures/supplementary/hubmir_feature_analysis/figureS_hubmir_feature_analysis.pdf	58893	4cf521e6100cb77343a7e215845b3726fd7f75644cb80e2cee9464a4f5abc20f
figures/supplementary/hubmir_feature_analysis/legend.md	1387	d4f27c33fc7549aa8b7bc19b655d4d2337e800b7263dfe8984ffd54a01c40a7b
figures/supplementary/hubmir_feature_analysis/make_figure.py	4388	65eef687e4035d8d3656146c8158b34bd1e070e492142f311bd0a6871974b6aa
figures/supplementary/hubmir_feature_analysis/make_supplementary_figures_v2.py	26690	f79b9522736c2adc9661a69ce2e40c796277ec903730c975c443aff43d697198
figures/supplementary/rescue_atlas/figureS_rescue_atlas_part1.png	462861	438281b3c671c2030b9ec1128c3a8074d8e1cab5e1c7ff432f79b2fc4980dba6
figures/supplementary/rescue_atlas/figureS_rescue_atlas_part2.png	1174684	d7f14d882c34574cff2929df9c0adc664027379a7e358e4639594dd70c632bc9
figures/supplementary/rescue_atlas/figureS_rescue_atlas_replot.pdf	96784	94847a60450e9488aff000894b3e96f6c3a034af7c4fd5378c3c74072e9ce528
figures/supplementary/rescue_atlas/figureS_rescue_atlas_replot.png	575472	bd6e0a68d3ee9d6aa0293d77240f9cc0684639db57a558a47b0ec9a15e45ca36
figures/supplementary/rescue_atlas/legend.md	1523	5ad1486a89517e1c8bfaff6e2ec51bfc63ddc55a5e6d882b0ef3a55d6da86baa
figures/supplementary/rescue_atlas/make_figure.py	3781	ff562d8f00eb7d5597c99c73d7d1807e1113a705273c18ae5d5845726f4aca0a
figures/supplementary/rescue_atlas/provenance_select_and_draw.py	57346	c6019510ede4a390aac606f2eac46141ebc618611753d7ae2cd4d34fd5c7ce82
figures/supplementary/rescue_atlas/split_for_latex.py	1352	012582a5a76ddc5882b302b0ce040f9c8ae17458a8b81a10d5c3a40270667f5a
pyproject.toml	697	cc304f903e4553dd6f416df1dbf9c5b31f66023fc09292eba4b5f116215a6e9a
requirements.txt	6	d5b9ef417e64f71be8d4098aa6d85d14c2bfbd7cdff4c262e3f893548276eca2
scripts/build_code_manifest.py	1447	d3bf6c7c991488258bf11dba1801927566c8913345810c72d9afefe24dd935c4
scripts/build_data_manifest.py	2585	5c6f54b74f7a366485ec001ae999425392c74d41331e99e3df064e60621d50a9
src/mircid/__init__.py	100	cd3cb6520c097e5579fe13f1eaea37f2e47c927a99bef8f2b3c9d68e562a6281
src/mircid/hubmir/__init__.py	135	99341196ae22be79e19827547fed6e42c6d0d571ec4894c248c8705fb472ba0b
src/mircid/hubmir/convert_checkpoint.py	1802	f45c0eaa8a99251668aceb278d46c84e245b1e91c9f6acbc491d0345033a8514
src/mircid/hubmir/legacy/legacy_dnn.py	2419	afa6254dcb42faebaf609cff4a8051f3a290d1b8815b0a77ba00e5cf0c8c3242
src/mircid/hubmir/legacy/legacy_kan.py	10212	6f07189b52b3fc5ae40db70c9c2fafb961b57461ad359f63fabeea0d77fd9f7d
src/mircid/hubmir/legacy/legacy_kan_model.py	8740	958f8fdf71c170f9ed766486e71460c4f82758de5c5ad43b8c3720744fc60d30
src/mircid/hubmir/legacy/legacy_predict_414.py	12466	2edc13cfbe4881d5605c03fcff72c53b5cb55233706f28908162a9ee867201c1
src/mircid/hubmir/legacy/legacy_train_1298.py	28295	1af6b9021d799e956e8b089d9a61a057935f603128e43e4b9f8095f52ce77c83
src/mircid/hubmir/legacy/legacy_train_414.py	16158	9d9f1be7bfff4266214cd268be96dc70fd933aecfe0b0c0245538407a59c46c3
src/mircid/hubmir/model.py	2637	8041a82fb7fa45bce8ea44287a96547bd1647e456beda762e94f28a79078b70d
src/mircid/hubmir/predict.py	3532	ef03aecb91b7e0115321ce5fe8813b10c4ab211ed1741638ecf8058ddddd5786
src/mircid/moa/__init__.py	53	444458fbe0a78e51bcd06e70c095fcad37ba21fb86454c27cc95326cc9a1c459
src/mircid/moa/dataloader.py	2949	9877cd75d359a98109039f3d160ef2c21a3ba57709a149a30846a5301f4cc84b
src/mircid/moa/evaluate_rcsm.py	5900	6a8768f401ed8fd8926849a18299fa5e0e477e6f24e77c945e327ad2e588e579
src/mircid/moa/rcsm.py	20782	96854e24a7b2501d9f658e5b4b69252709569770e9df23da4e192b5ebf533028
src/mircid/paths.py	741	2e7ed04c70f48f2641188d314749438bb406c85109ee3d3e43ddfbc287b8ee0f
src/mircid/pathway/__init__.py	65	4f520a0d60c44ec125b310d625b3f49575ddd55a01ea567b7f3b0ef88a063d58
src/mircid/pathway/analyze_all.py	14485	121da5767d7c1ae86e242eba5add40ea4cec623940c5cd832eed429538e9f36b
src/mircid/pathway/analyze_rescue.py	7672	10d76dc1a38f4f6e509e6bd5cdc4f44e68106c3523ad4d69ddd807b7aa30c652
src/mircid/pathway/build_report.py	9263	46e85c47144ee57db4ac18e3f6933b1bb76a06b21c5bdd7f3b250ee3c6a65998
src/mircid/pathway/common.py	6727	8de1fad4f94d0b1c4bea075734dd61816ebbcd55a45e22d605cde2c50b624d21
src/mircid/pathway/complementarity_core.py	12345	2c2f5fca9674d4f68e8db530ff68d1d9705c4758b783d91fc56b6b7978f90bd4
src/mircid/pathway/export_progeny_model.R	1516	1c5c0e4f0b292e78007efd94e2d5972fdfb5ea64b01951ac96d0ff5a3624733d
src/mircid/pathway/make_figures.py	15533	391a842742279d37f740784a6d3a35cd3df61e18d1a8efa4ad0ecfbf2e18e045
src/mircid/pathway/networks.py	2916	2095a0b059be0a40fc884b7492393d398d664c810de3f54b39936663a68ab221
src/mircid/pathway/prepare_data.py	7388	2666fba57894b22321bd5be7dd36707ef3246bfba5c234ddb00f951290ac5621
src/mircid/pathway/prepare_embedding_controls.py	8590	cd5d3407316cbb69cd2e2068d970a2c1b6df495e5fd5db756c5f924055bb8ac6
src/mircid/pathway/run_benchmark.py	6250	7a854e2a9716ce90583e1c7a4179112cd90cccd3a0cd56f023b3b8f798c612c4
src/mircid/pathway/run_complementarity.py	13824	b61dae7ea6c57b5c8f862d1170089ad4cd5f6ac6a17aefc36b7a4ae3cc92263e
src/mircid/pathway/run_decomposition_benchmark.py	5078	cc83cedd3a6649c7b8058ae454387df26a70170309cb6f24f57075a41885a328
src/mircid/pathway/run_embedding_benchmark.py	6366	aaa68335ff584dba3aca0acfc54ec1cd3433d6d71ed118e4a1bcf6e602872f14
src/mircid/pathway/run_progeny.py	4677	dd4156f478705e8ed039336648bf288de0e33bc9308c760c273b83c1c99a7450
src/mircid/pathway/run_resnet.py	8795	22a39e335396a5573f0a8dde621d5ea41ef9f4227cf931cf1af99188cabef4da
src/mircid/pathway/training.py	5371	6e86ee454557ffd5e1c86cd98fafa53030005d81ffd800270335d266a57325a0
src/mircid/pathway/validate_all.py	8304	ff3f8f12b2c265415ffdfedd2296d1533fc8df5df5c03cac5b91a00ad4f76b39
src/mircid/pathway/vendor/progeny/FOOTPRINTS_LICENSE.md	35178	ccb349b4132ed7737f25e5adebfe61f3d52dca33708df1e50352320438d1d4c2
src/mircid/pathway/vendor/progeny/LICENSE	11358	cfc7749b96f63bd31c3c42b5c471bf756814053e847c10f3eb003417bc523d30
src/mircid/pathway/vendor/progeny/progeny.r	9183	2a34fbd1043932d204eec41c31026ab9b11c01094a632cc0786da32fca783270
src/mircid/pathway/vendor/progeny/progenySuppFunc.r	9588	61d5457d443b6b97fd21498ef4c6b499e4f5351acf3ed1f41d537c9464be3c6c
src/mircid/pathway/vendor/progeny/publication_heatmap.r	1910	d18a668a3e9939ca3c2ca662d57aea80d944f8e0f0fce755ed692bd2c915ede3
src/mircid/pathway/vendor/progeny/publication_model_matrix.r	1862	f2aaab293992c08c99cd980ace78f841412b42a4d70940a1376582e9933fa4ca
src/mircid/pathway/vendor/progeny/publication_roc_lincs.r	1621	2a59eae2b39790e7aaab0911cd4844294727d4a2cbd3de597736542f14cad92c
src/mircid/tfa/TIGER_C.stan	5310	141268cede0fc0011a0c5580ab0f7c038a53cb4cf830f69365690e98b7fac54a
src/mircid/tfa/__init__.py	61	7ad9bb6cea49d99b24b6558bb80f8502585a8d5457ec83dea6d9fdc66d88c269
src/mircid/tfa/benchmark.py	2724	8eda8638471b31e54b5b612be03d6b941261dc01cca0efdf7699873ac9d91a67
src/mircid/tfa/legacy/rank_activity.py	1095	f0ad11f494016580da3d19e369123a22e22d6ab03849ebb021d803253b83bc45
src/mircid/tfa/legacy/tiger_main.py	5079	076991e2e63bdf252f9512b8f5adbd4823cb8c415cd61e288b0cbb94aecb6626
src/mircid/tfa/tiger.py	25205	95097a9a774200531eff2617e364ff042bc9784782413c1ab364b21419106631
tests/test_hubmir_model.py	255	7df10ae1e5ceb50a3f1111e01b47be1b4daea63c1eccf1b7e175bccb6ea045e8
tests/test_release_imports.py	274	040d4f8e9667bb58de1d16c3f7c0a42d0d37c295fb6adcbc9e2569e989389c94
tests/test_tfa_benchmark.py	429	f3d180109da2de72d71d4c8062be2259bc6b1d34cc7db2209b46b43cc30a0b05
